name,player_1,player_2,player_3,player_4,player_5
銀杏並木Masters,@くー,@maktopia,@tappy,@tellusium,@えきにし
N-ThirD,@あらしD,@nabeliwo,@nownabe,@neetless,
崩壊寸前,@chaomaru,@koutalou,@hozumi_sikmi,@seong15,
シラビックス,@soishi,@haya14busa,@nagayama,@tomokinat,@プロアルバイター
ペンキぬり,@とりすし,@カナダのペンキぬり,@ほわほわようちえん,@ゆりみつ,@バトルドラゴンロボ
でんでんぱすかる,@leader22,@わたこ,@なべかな,@hakuri,
Ajitoon,@Aratoon,@Sakamotoon,@pro_shunsuke,@ごまちゃんさん,
.82ガロンベッチュー,@ばるじの(じーの),@しまぶー,@まっつん at yahoo,@まっちゃバブル,@soyomogi
ひとは,@odan,@t1a1k1u1,@yumlonne,@kaisen,@Be-yan
NuRItacles Sprouts,@かみん,@けとるーん,@うーぷ　NRI,@kawaika,@ハネ
犬小屋,@こいぬパレードd,@glasun,@nikuchan,@ダイナモおじさん,@なしぃ
NuRItaclesカスタードクリーム,@isa,@ヴァ,@ミハエル,@ババンバ,@残夜のクリス
あの女の牧場,@meguu,@とぴ,@komatsu,@freddy,@するめ
WAVE7,@しらたま,@はるまき,@こん,@こいち,@なな
紀尾井坂◢82,@Camera2_YJ,@marji,@ぺんとん,@nos,@はるすた_YJ
ぴぎまる水産ネオ,@roiti,@TangentDay,@frnfnts,@とまとぼくじょう,@oks
しらたまおはぎ,@や,@73,@としゆき,@ぴの,@みゃお
ジワリティオブライフ,@ちゃちゃまる,@ミシュ,@なかまつ,@mzs,@にっち
RAMDA,@Ryosei,@みっこ,@DK,@アゲサゲ,@h-ikegami
ぐのトゥーン,@mgi,@hoshitocat,@redfit,@aibou,@hidapple
千駄ヶ谷ゲームセンター,@わた,@mytk0u0 (とくれせんたぼーび),@shimashima_pixiv,@mittsu,
ふたりはしゅうへい,@peroli,@chrlohya,@てっちゃん,@yamashu.やまひれお,@ひらい兄
ドリサン商会,@くのののなの,@あ,@ポンチョ,@えんさつこくりゅうは,@RickY
ハイカラスクエア駅前会計事務所,@toofu,@ろい,@ymizushi,@Nick,@nasa
フジツウボスポーツクラブ,@masaya,@ゆうちゃ,@フライパン,@あおい,@Sae
最強邪王英雄伝☆ミチルちゃん誕生！～もみじを添えて～,@hotsure_sj,@ミチル,@E.O,@おとー,@Ak1x
スパクラ機動隊21ロワ,@からとう,@みずあめ,@へん,@こっこ,@あんず
NuRItacles乙,@Toshi,@yoic,@ねぼけなまこ,@きしちゃん,@おかむー
デカLINE ベッチュー,@ユーリ / Ralph,@やどかり / strvmi,@nosuke,@としお,
イカ漁船かやく丸,@jigyakkuma_,@jin,@taiga,@わどうかいちんにーの,@handlename
どすこい渋ハウス,@マチコメン at Griphone,@ちょこぷよ at Griphone,@もやし at Griphone,@せんごく at Griphone,
スペースイカベーダーインヴィンシブル,@Emishi_TAITO,@ひぃ - TAITO,@らっち_TAITO,@EIL_TAITO,@nullzaki
TRAIKA,@じょにお,@k-taro,@kseta,@ススズ,@tagucch
神保町メリオシティ,@gami,@poly,@comy,@nakasone,
フジサン商会,@kaichi,@うたきり,@たこしゅ,@tomo,@shio
猫小屋,@ユドリィ とどろき,@Akky,@ryz,@booriii,@おかゆ
ボルシチ魔王かがみちゃん☆,@uk,@よ,@かがみ,@hard,@ ryuge
ハコフグガレージ,@MOCHINUSHI,@カメ,@SK,@ぴかぴ,@アンジェラ
inklewood,@りよも,@みひー,@アイサ,@kahonhon,
