name,player1,player2,player3,player4,player5
でんでんぱすかる Ver.駒場,@わたこ,@hakuri,@なべかな,@tappy,
トピトピトピとぴトーピード,@haya14busa,@topi,@freddy,@tora714,@よしにゃん
嵐迅王リヲニレス,@あらしD,@nabeliwo,@jin,@neetless,
シラビックス,@nagayama,@soishi,@プロアルバイター,@くろず,
ペンキぬり,@カナダのペンキぬり,@とりすし,@バトルドラゴンロボ,@ほわほわようちえん,@ゆりみつ
もばいるでんでん虫,@としお,@ぴすけ,@ちゃそ,@なな,
Ajitoon,@Aratoon,@Sakamotoon,@ごまちゃんさん,@pro_shunsuke,
長期・積立・万歳,@chanke,@すー,@mizu,@あしつぼ,@ぱるち
ひとは,@odan,@ちくたく ,@yumlonne ,@kaisen,@Be-yan
紀尾井坂◢82,@pengtong,@marji,@nos,@はるすた,
ジワリティオブライフ,@ちゃちゃまる,@みしゅこ,@mzs,@なかまつ,@にっち
イカみる+ Inc.,@かずず at 富士通株式会社(Grp.) ,@つくみん at 富士通株式会社(Grp.),@てんどろいど,@なっつん at 富士通株式会社(Grp.),
フジ2bitゲームズ,@ゆーちゃん,@siyu,@SaE,@たこしゅ,
行けたら行く,@frnfnts,@とまとぼくじょう,@てっかどん,@TangentDay,
RAMDA,@Ryosei,@みっこ,@DK,@アゲサゲ,@h-ikegami
やる気のかたまり,@KB,@roiti,@ぴぎまる,@behindkun,@oks
くそでぶ同好会,@charlie,@peroli,@yamashu.やまひれお,@からとう,
ハコフグガレージ,@MOCHINUSHI at DigitalGarage,@カメ at DG,@SK at DG,@ぴかぴatDG,@アンジェラatDG
NuRITacles Toshi,@Tenpin,@yoic,@Toshi,@きしちゃん,@てらむ
ハイカラスクエア駅前会計事務所,@toofu,@tashin,@ymizushi,@ろい,
ゆるイキャ△,@masaya,@はりぃ,@あおい,@tomo,@Yuffy
イカ通wayを忘れるな！,@ちぐ,@うたきり,@ふまろ,@KENKEN,@こば
ぐのトゥーン,@mgi,@えすけー,@hidapple,@marice0819,
デカLINEベッチュ―,@ユーリ / Ralph,@やどかり / strvmi ,@ふぁー at LINE,@nosuke,
スペースイカベーダー,@Emishi_TAITO,@らっち,@ひぃ,@EIL_TAITO,